the_geom,NAME,URL,LINE,latitude,longitude,latitude&longitude
POINT (-74.00030814706824 40.73225482650675),W 4th St - Washington Sq (Lower),http://www.mta.info/nyct/subway/index.html,B-D-F-M,40.73225482650675,-74.00030814706824,40.73225482650675 -74.00030814706824
POINT (-73.83256899924748 40.846810332614844),Buhre Ave,http://www.mta.info/nyct/subway/index.html,6-6 Express,40.846810332614844,-73.83256899924748,40.846810332614844 -73.83256899924748
POINT (-73.97192000013308 40.757107333148234),51st St,http://www.mta.info/nyct/subway/index.html,4-6-6 Express,40.757107333148234,-73.97192000013308,40.757107333148234 -73.97192000013308
POINT (-73.97621799811347 40.78864433404891),86th St,http://www.mta.info/nyct/subway/index.html,1-2,40.78864433404891,-73.97621799811347,40.78864433404891 -73.97621799811347
POINT (-74.00413100111697 40.713065332984044),Brooklyn Bridge - City Hall,http://www.mta.info/nyct/subway/index.html,4-5-6-6 Express,40.713065332984044,-74.00413100111697,40.713065332984044 -74.00413100111697
POINT (-73.98207600124924 40.7460813321576),33rd St,http://www.mta.info/nyct/subway/index.html,4-6-6 Express,40.7460813321576,-73.98207600124924,40.7460813321576 -73.98207600124924
POINT (-73.96796700066442 40.76252633389173),Lexington Ave - 59th St,http://www.mta.info/nyct/subway/index.html,4-5-6-6 Express,40.76252633389173,-73.96796700066442,40.76252633389173 -73.96796700066442
POINT (-73.85736239433544 40.89314357506239),233rd St,http://www.mta.info/nyct/subway/index.html,2-5,40.89314357506239,-73.85736239433544,40.89314357506239 -73.85736239433544
POINT (-73.98220900041213 40.773440334231445),66th St - Lincoln Ctr,http://www.mta.info/nyct/subway/index.html,1-2,40.773440334231445,-73.98220900041213,40.773440334231445 -73.98220900041213
POINT (-73.89054899975386 40.82094833186627),Hunts Point Ave,http://www.mta.info/nyct/subway/index.html,6-6 Express,40.82094833186627,-73.89054899975386,40.82094833186627 -73.89054899975386
POINT (-74.00627700023756 40.722854331339036),Canal St,http://www.mta.info/nyct/subway/index.html,1-2,40.722854331339036,-74.00627700023756,40.722854331339036 -74.00627700023756
POINT (-73.83632199732654 40.843863334673635),Middletown Rd,http://www.mta.info/nyct/subway/index.html,6-6 Express,40.843863334673635,-73.83632199732654,40.843863334673635 -73.83632199732654
POINT (-73.98659900183978 40.7398643335507),23rd St,http://www.mta.info/nyct/subway/index.html,4-6-6 Express,40.7398643335507,-73.98659900183978,40.7398643335507 -73.98659900183978
POINT (-73.94526400065335 40.747023331863446),45th Rd - Court House Sq,http://www.mta.info/nyct/subway/index.html,7-7 Express,40.747023331863446,-73.94526400065335,40.747023331863446 -73.94526400065335
POINT (-73.99106999895504 40.73005433376933),Astor Pl,http://www.mta.info/nyct/subway/index.html,4-6-6 Express,40.73005433376933,-73.99106999895504,40.73005433376933 -73.99106999895504
POINT (-73.98192900168259 40.76824733393756),59th St - Columbus Circle,http://www.mta.info/nyct/subway/index.html,1-2,40.76824733393756,-73.98192900168259,40.76824733393756 -73.98192900168259
POINT (-73.9489160011607 40.74221633326165),Hunters Point Ave,http://www.mta.info/nyct/subway/index.html,7-7 Express,40.74221633326165,-73.9489160011607,40.74221633326165 -73.9489160011607
POINT (-73.95107000070685 40.785672333485294),96th St,http://www.mta.info/nyct/subway/index.html,4-6-6 Express,40.785672333485294,-73.95107000070685,40.785672333485294 -73.95107000070685
POINT (-73.84562499786716 40.75462233245772),Mets - Willets Point,http://www.mta.info/nyct/subway/index.html,7-7 Express,40.75462233245772,-73.84562499786716,40.75462233245772 -73.84562499786716
POINT (-73.99565700196479 40.74408133288406),23rd St,http://www.mta.info/nyct/subway/index.html,1-2,40.74408133288406,-73.99565700196479,40.74408133288406 -73.99565700196479
POINT (-74.00536700184291 40.72825133360782),Houston St,http://www.mta.info/nyct/subway/index.html,1-2,40.72825133360782,-74.00536700184291,40.72825133360782 -74.00536700184291
POINT (-73.92613800022275 40.81047633454132),3rd Ave - 138th St,http://www.mta.info/nyct/subway/index.html,6-6 Express,40.81047633454132,-73.92613800022275,40.81047633454132 -73.92613800022275
POINT (-73.84703599804547 40.83648833366287),Zerega Ave,http://www.mta.info/nyct/subway/index.html,6-6 Express,40.83648833366287,-73.84703599804547,40.83648833366287 -73.84703599804547
POINT (-73.8376829999374 40.681711334202696),104th St,http://www.mta.info/nyct/subway/index.html,A-S,40.681711334202696,-73.8376829999374,40.681711334202696 -73.8376829999374
POINT (-73.99467467829572 40.72593123822929),Bleecker St (Downtown),http://www.mta.info/nyct/subway/index.html,4-6-6 Express,40.72593123822929,-73.99467467829572,40.72593123822929 -73.99467467829572
POINT (-73.85122199920897 40.83425533183211),Castle Hill Ave,http://www.mta.info/nyct/subway/index.html,6-6 Express,40.83425533183211,-73.85122199920897,40.83425533183211 -73.85122199920897
POINT (-73.81583268677743 40.608402513981986),Broad Channel,http://www.mta.info/nyct/subway/index.html,A-S,40.608402513981986,-73.81583268677743,40.608402513981986 -73.81583268677743
POINT (-73.9685010000048 40.5763120005781),Ocean Pkwy,http://www.mta.info/nyct/subway/index.html,Q,40.5763120005781,-73.9685010000048,40.5763120005781 -73.9685010000048
POINT (-73.98384899991842 40.76172833308103),50th St,http://www.mta.info/nyct/subway/index.html,1-2,40.76172833308103,-73.98384899991842,40.76172833308103 -73.98384899991842
POINT (-73.95358099882006 40.74262633257131),Vernon Blvd - Jackson Ave,http://www.mta.info/nyct/subway/index.html,7-7 Express,40.74262633257131,-73.95358099882006,40.74262633257131 -73.95358099882006
POINT (-73.96387000148661 40.768141333903976),68th St - Hunter College,http://www.mta.info/nyct/subway/index.html,4-6-6 Express,40.768141333903976,-73.96387000148661,40.768141333903976 -73.96387000148661
POINT (-73.94016353439743 40.75063598438094),Queensboro Plz,http://www.mta.info/nyct/subway/index.html,7-7 Express-N-W,40.75063598438094,-73.94016353439743,40.75063598438094 -73.94016353439743
POINT (-73.8438529971175 40.68042933335036),Rockaway Blvd,http://www.mta.info/nyct/subway/index.html,A-S,40.68042933335036,-73.8438529971175,40.68042933335036 -73.8438529971175
POINT (-73.98995099886989 40.734673334561),Union Sq - 14th St,http://www.mta.info/nyct/subway/index.html,4-5-6-6 Express,40.734673334561,-73.98995099886989,40.734673334561 -73.98995099886989
POINT (-73.8695269997965 40.74914533273112),Junction Blvd,http://www.mta.info/nyct/subway/index.html,7-7 Express,40.74914533273112,-73.8695269997965,40.74914533273112 -73.8695269997965
POINT (-73.95999000126959 40.68888933367643),Classon Ave,http://www.mta.info/nyct/subway/index.html,G,40.68888933367643,-73.95999000126959,40.68888933367643 -73.95999000126959
POINT (-73.95352199987617 40.68962733491343),Bedford - Nostrand Aves,http://www.mta.info/nyct/subway/index.html,G,40.68962733491343,-73.95352199987617,40.68962733491343 -73.95352199987617
POINT (-73.979735806077 40.660036021685464),15th St - Prospect Park,http://www.mta.info/nyct/subway/index.html,F-G,40.660036021685464,-73.979735806077,40.660036021685464 -73.979735806077
POINT (-73.9802511788693 40.666245023690635),7th Ave,http://www.mta.info/nyct/subway/index.html,F-G,40.666245023690635,-73.9802511788693,40.666245023690635 -73.9802511788693
POINT (-73.97577599885992 40.65078200098824),Ft Hamilton Pkwy,http://www.mta.info/nyct/subway/index.html,F-G,40.65078200098824,-73.97577599885992,40.65078200098824 -73.97577599885992
POINT (-73.97972116167199 40.64427233346608),Church Ave,http://www.mta.info/nyct/subway/index.html,F-G,40.64427233346608,-73.97972116167199,40.64427233346608 -73.97972116167199
POINT (-73.9643577954928 40.64390493165595),Beverly Rd,http://www.mta.info/nyct/subway/index.html,B-Q,40.64390493165595,-73.9643577954928,40.64390493165595 -73.9643577954928
POINT (-73.96288246144869 40.6504935798757),Church Ave,http://www.mta.info/nyct/subway/index.html,B-Q,40.6504935798757,-73.96288246144869,40.6504935798757 -73.96288246144869
POINT (-73.96269486847974 40.63514227039474),Newkirk Ave,http://www.mta.info/nyct/subway/index.html,B-Q,40.63514227039474,-73.96269486847974,40.63514227039474 -73.96269486847974
POINT (-73.96145344000783 40.65507337471708),Parkside Ave,http://www.mta.info/nyct/subway/index.html,B-Q,40.65507337471708,-73.96145344000783,40.65507337471708 -73.96145344000783
POINT (-73.96203130451713 40.66163378817137),Prospect Park,http://www.mta.info/nyct/subway/index.html,B-Q-S,40.66163378817137,-73.96203130451713,40.66163378817137 -73.96203130451713
POINT (-73.97095633144298 40.67529502884244),Grand Army Plaza,http://www.mta.info/nyct/subway/index.html,2-3-4,40.67529502884244,-73.97095633144298,40.67529502884244 -73.97095633144298
POINT (-73.97499915098913 40.68086247045291),Bergen St,http://www.mta.info/nyct/subway/index.html,2-3-4,40.68086247045291,-73.97499915098913,40.68086247045291 -73.97499915098913
POINT (-73.97754993550333 40.68442049853399),Atlantic Ave,http://www.mta.info/nyct/subway/index.html,2-3-4-5,40.68442049853399,-73.97754993550333,40.68442049853399 -73.97754993550333
POINT (-73.91194599727318 40.67834033324111),Rockaway Ave,http://www.mta.info/nyct/subway/index.html,A-C,40.67834033324111,-73.91194599727318,40.67834033324111 -73.91194599727318
POINT (-73.97537499873913 40.687119332657794),Fulton St,http://www.mta.info/nyct/subway/index.html,G,40.687119332657794,-73.97537499873913,40.687119332657794 -73.97537499873913
POINT (-73.96679599830863 40.688094334588634),Clinton - Washington Aves,http://www.mta.info/nyct/subway/index.html,G,40.688094334588634,-73.96679599830863,40.688094334588634 -73.96679599830863
POINT (-73.97285279146314 40.677102512887046),7th Ave,http://www.mta.info/nyct/subway/index.html,B-Q,40.677102512887046,-73.97285279146314,40.677102512887046 -73.97285279146314
POINT (-73.97678343931106 40.68448865643635),Atlantic Ave,http://www.mta.info/nyct/subway/index.html,B-Q,40.68448865643635,-73.97678343931106,40.68448865643635 -73.97678343931106
POINT (-73.98310999931782 40.67731600045995),Union St,http://www.mta.info/nyct/subway/index.html,D-N-R,40.67731600045995,-73.98310999931782,40.67731600045995 -73.98310999931782
POINT (-73.9788099993486 40.68366600047985),Atlantic Av - Pacific St,http://www.mta.info/nyct/subway/index.html,D-N-R,40.68366600047985,-73.9788099993486,40.68366600047985 -73.9788099993486
POINT (-73.99015100058315 40.69240433310098),Borough Hall,http://www.mta.info/nyct/subway/index.html,4-5,40.69240433310098,-73.99015100058315,40.69240433310098 -73.99015100058315
POINT (-73.83591899879411 40.672097332305505),Aqueduct Racetrack (To Manh Only),http://www.mta.info/nyct/subway/index.html,A,40.672097332305505,-73.83591899879411,40.672097332305505 -73.83591899879411
POINT (-73.98182400036215 40.69063500033928),DeKalb Ave,http://www.mta.info/nyct/subway/index.html,B-D-N-Q-R,40.69063500033928,-73.98182400036215,40.69063500033928 -73.98182400036215
POINT (-73.86049499998204 40.85436433270016),Morris Park,http://www.mta.info/nyct/subway/index.html,5,40.85436433270016,-73.86049499998204,40.85436433270016 -73.86049499998204
POINT (-73.85535900005993 40.8589853329393),Pelham Pkwy,http://www.mta.info/nyct/subway/index.html,5,40.8589853329393,-73.85535900005993,40.8589853329393 -73.85535900005993
POINT (-73.95042600048545 40.68043833310734),Nostrand Ave,http://www.mta.info/nyct/subway/index.html,A-C,40.68043833310734,-73.95042600048545,40.68043833310734 -73.95042600048545
POINT (-73.98040679867199 40.68831091310594),Nevins St,http://www.mta.info/nyct/subway/index.html,2-3-4-5,40.68831091310594,-73.98040679867199,40.68831091310594 -73.98040679867199
POINT (-73.96422203701749 40.672032568925616),Eastern Pkwy - Bklyn Museum,http://www.mta.info/nyct/subway/index.html,2-3-4,40.672032568925616,-73.96422203701749,40.672032568925616 -73.96422203701749
POINT (-73.95809973659013 40.67076548645792),Franklin Ave,http://www.mta.info/nyct/subway/index.html,2-3-4-5,40.67076548645792,-73.95809973659013,40.67076548645792 -73.95809973659013
POINT (-73.94884798335576 40.64512385265653),Beverly Rd,http://www.mta.info/nyct/subway/index.html,2-5,40.64512385265653,-73.94884798335576,40.64512385265653 -73.94884798335576
POINT (-73.94945514032199 40.65086102070915),Church Ave,http://www.mta.info/nyct/subway/index.html,2-5,40.65086102070915,-73.94945514032199,40.65086102070915 -73.94945514032199
POINT (-73.9482999075323 40.63999157603046),Newkirk Ave,http://www.mta.info/nyct/subway/index.html,2-5,40.63999157603046,-73.9482999075323,40.63999157603046 -73.9482999075323
POINT (-73.94754120719483 40.63284274046751),Brooklyn College - Flatbush Ave,http://www.mta.info/nyct/subway/index.html,2-5,40.63284274046751,-73.94754120719483,40.63284274046751 -73.94754120719483
POINT (-73.9500793454169 40.65665964750449),Winthrop St,http://www.mta.info/nyct/subway/index.html,2-5,40.65665964750449,-73.9500793454169,40.65665964750449 -73.9500793454169
POINT (-73.95072891150406 40.66277332699014),Sterling St,http://www.mta.info/nyct/subway/index.html,2-5,40.66277332699014,-73.95072891150406,40.66277332699014 -73.95072891150406
POINT (-73.93293256066349 40.66897864436661),Crown Hts - Utica Ave,http://www.mta.info/nyct/subway/index.html,3-4,40.66897864436661,-73.93293256066349,40.66897864436661 -73.93293256066349
POINT (-73.94215978326203 40.66948178160432),Kingston Ave,http://www.mta.info/nyct/subway/index.html,3-4,40.66948178160432,-73.94215978326203,40.66948178160432 -73.94215978326203
POINT (-73.94085899839129 40.67991933291405),Kingston - Throop Aves,http://www.mta.info/nyct/subway/index.html,A-C,40.67991933291405,-73.94085899839129,40.67991933291405 -73.94085899839129
POINT (-73.95118299979704 40.72448033118355),Nassau Ave,http://www.mta.info/nyct/subway/index.html,G,40.72448033118355,-73.95118299979704,40.72448033118355 -73.95118299979704
POINT (-73.95442500175076 40.73126733272315),Greenpoint Ave,http://www.mta.info/nyct/subway/index.html,G,40.73126733272315,-73.95442500175076,40.73126733272315 -73.95442500175076
POINT (-73.95783199999856 40.7083833336101),Marcy Ave,http://www.mta.info/nyct/subway/index.html,J-M-Z,40.7083833336101,-73.95783199999856,40.7083833336101 -73.95783199999856
POINT (-73.95348800040841 40.706890331217984),Hewes St,http://www.mta.info/nyct/subway/index.html,J-M,40.706890331217984,-73.95348800040841,40.706890331217984 -73.95348800040841
POINT (-73.98740940233358 40.718306389085505),Essex St,http://www.mta.info/nyct/subway/index.html,J-M-Z,40.718306389085505,-73.98740940233358,40.718306389085505 -73.98740940233358
POINT (-73.9298489994812 40.81322433279863),138th St - Grand Concourse,http://www.mta.info/nyct/subway/index.html,4-5,40.81322433279863,-73.9298489994812,40.81322433279863 -73.9298489994812
POINT (-73.9752485046603 40.76008716596106),5th Ave - 53rd St,http://www.mta.info/nyct/subway/index.html,E-M,40.76008716596106,-73.9752485046603,40.76008716596106 -73.9752485046603
POINT (-73.96907237417739 40.75746864157252),Lexington Ave - 53rd St,http://www.mta.info/nyct/subway/index.html,E-M,40.75746864157252,-73.96907237417739,40.75746864157252 -73.96907237417739
POINT (-73.98869800066268 40.74545433330924),28th St,http://www.mta.info/nyct/subway/index.html,N-R,40.74545433330924,-73.98869800066268,40.74545433330924 -73.98869800066268
POINT (-73.98793683324304 40.749644893078916),Herald Sq - 34th St,http://www.mta.info/nyct/subway/index.html,N-Q-R,40.749644893078916,-73.98793683324304,40.749644893078916 -73.98793683324304
POINT (-73.98168087509058 40.730975308760705),1st Ave,http://www.mta.info/nyct/subway/index.html,L,40.730975308760705,-73.98168087509058,40.730975308760705 -73.98168087509058
POINT (-73.97918900000734 40.75276900017257),Grand Central - 42nd St,http://www.mta.info/nyct/subway/index.html,S,40.75276900017257,-73.97918900000734,40.75276900017257 -73.97918900000734
POINT (-73.9862289999369 40.755983333482924),Times Sq - 42nd St,http://www.mta.info/nyct/subway/index.html,S,40.755983333482924,-73.9862289999369,40.755983333482924 -73.9862289999369
POINT (-73.984590998399 40.75418433462967),42nd St - Bryant Pk,http://www.mta.info/nyct/subway/index.html,B-D-F-M,40.75418433462967,-73.984590998399,40.75418433462967 -73.984590998399
POINT (-73.986768002027 40.754612332230856),Times Sq - 42nd St,http://www.mta.info/nyct/subway/index.html,N-Q-R,40.754612332230856,-73.986768002027,40.754612332230856 -73.986768002027
POINT (-73.95142399956148 40.71277433427003),Metropolitan Ave,http://www.mta.info/nyct/subway/index.html,G,40.71277433427003,-73.95142399956148,40.71277433427003 -73.95142399956148
POINT (-73.94049699898235 40.711576333817),Grand St,http://www.mta.info/nyct/subway/index.html,L,40.711576333817,-73.94049699898235,40.711576333817 -73.94049699898235
POINT (-73.9439439978816 40.71457633149971),Graham Ave,http://www.mta.info/nyct/subway/index.html,L,40.71457633149971,-73.9439439978816,40.71457633149971 -73.9439439978816
POINT (-73.95024800019331 40.7140723341722),Lorimer St,http://www.mta.info/nyct/subway/index.html,L,40.7140723341722,-73.95024800019331,40.7140723341722 -73.95024800019331
POINT (-73.95666499837023 40.71717433231373),Bedford Ave,http://www.mta.info/nyct/subway/index.html,L,40.71717433231373,-73.95666499837023,40.71717433231373 -73.95666499837023
POINT (-73.95031225595987 40.70612690984066),Broadway,http://www.mta.info/nyct/subway/index.html,G,40.70612690984066,-73.95031225595987,40.70612690984066 -73.95031225595987
POINT (-73.94735499813589 40.70384433379361),Lorimer St,http://www.mta.info/nyct/subway/index.html,J-M,40.70384433379361,-73.94735499813589,40.70384433379361 -73.94735499813589
POINT (-73.93979284651334 40.70739139725247),Montrose Ave,http://www.mta.info/nyct/subway/index.html,L,40.70739139725247,-73.93979284651334,40.70739139725247 -73.93979284651334
POINT (-73.94605470270504 40.74776845479483),23rd St - Ely Av,http://www.mta.info/nyct/subway/index.html,E-M,40.74776845479483,-73.94605470270504,40.74776845479483 -73.94605470270504
POINT (-73.94381559557159 40.74630536706204),Long Island City - Court Sq,http://www.mta.info/nyct/subway/index.html,G,40.74630536706204,-73.94381559557159,40.74630536706204 -73.94381559557159
POINT (-73.94959999937976 40.74412900001313),21st St,http://www.mta.info/nyct/subway/index.html,G,40.74412900001313,-73.94959999937976,40.74412900001313 -73.94959999937976
POINT (-73.9328513760691 40.752763394559445),39th Ave,http://www.mta.info/nyct/subway/index.html,N-Q,40.752763394559445,-73.9328513760691,40.752763394559445 -73.9328513760691
POINT (-73.92986199833236 40.75644233343755),36th Ave,http://www.mta.info/nyct/subway/index.html,N-Q,40.75644233343755,-73.92986199833236,40.75644233343755 -73.92986199833236
POINT (-73.95035999809508 40.82655133277471),145th St,http://www.mta.info/nyct/subway/index.html,1,40.82655133277471,-73.95035999809508,40.82655133277471 -73.95035999809508
POINT (-73.94488999874277 40.83404133354386),157th St,http://www.mta.info/nyct/subway/index.html,1,40.83404133354386,-73.94488999874277,40.83404133354386 -73.94488999874277
POINT (-73.97232299948297 40.79391933441861),96th St,http://www.mta.info/nyct/subway/index.html,1-2-3,40.79391933441861,-73.97232299948297,40.79391933441861 -73.97232299948297
POINT (-73.96837899924829 40.79944633394733),103rd St,http://www.mta.info/nyct/subway/index.html,1,40.79944633394733,-73.96837899924829,40.79944633394733 -73.96837899924829
POINT (-73.95182200107378 40.79907533284112),Central Park North (110th St),http://www.mta.info/nyct/subway/index.html,2-3,40.79907533284112,-73.95182200107378,40.79907533284112 -73.95182200107378
POINT (-73.96137008216188 40.79606107356255),103rd St,http://www.mta.info/nyct/subway/index.html,A-B-C,40.79606107356255,-73.96137008216188,40.79606107356255 -73.96137008216188
POINT (-73.95806670664349 40.80058189158562),Cathedral Pkwy (110th St),http://www.mta.info/nyct/subway/index.html,A-B-C,40.80058189158562,-73.95806670664349,40.80058189158562 -73.95806670664349
POINT (-73.98197000104193 40.77845333395168),72nd St,http://www.mta.info/nyct/subway/index.html,1-2-3,40.77845333395168,-73.98197000104193,40.77845333395168 -73.98197000104193
POINT (-73.97633657548654 40.77551973103465),72nd St,http://www.mta.info/nyct/subway/index.html,A-B-C,40.77551973103465,-73.97633657548654,40.77551973103465 -73.97633657548654
POINT (-73.97209794941429 40.78134641772443),81st St,http://www.mta.info/nyct/subway/index.html,A-B-C,40.78134641772443,-73.97209794941429,40.78134641772443 -73.97209794941429
POINT (-73.83692369317724 40.71804498706881),75th Ave,http://www.mta.info/nyct/subway/index.html,E-F,40.71804498706881,-73.83692369317724,40.71804498706881 -73.83692369317724
POINT (-73.83037027017505 40.714035152937456),Kew Gardens - Union Tpke,http://www.mta.info/nyct/subway/index.html,E-F,40.714035152937456,-73.83037027017505,40.714035152937456 -73.83037027017505
POINT (-73.96882849456208 40.785823379651546),86th St,http://www.mta.info/nyct/subway/index.html,A-B-C,40.785823379651546,-73.96882849456208,40.785823379651546 -73.96882849456208
POINT (-73.96460245655115 40.79161913124813),96th St,http://www.mta.info/nyct/subway/index.html,A-B-C,40.79161913124813,-73.96460245655115,40.79161913124813 -73.96460245655115
POINT (-73.96684700014322 40.803967333016914),Cathedral Pkwy (110th St),http://www.mta.info/nyct/subway/index.html,1,40.803967333016914,-73.96684700014322,40.803967333016914 -73.96684700014322
POINT (-73.96410999793578 40.807722334261875),116th St - Columbia University,http://www.mta.info/nyct/subway/index.html,1,40.807722334261875,-73.96410999793578,40.807722334261875 -73.96410999793578
POINT (-73.94549500019218 40.807754332840474),125th St,http://www.mta.info/nyct/subway/index.html,2-3,40.807754332840474,-73.94549500019218,40.807754332840474 -73.94549500019218
POINT (-73.94077000029493 40.81422933347776),135th St,http://www.mta.info/nyct/subway/index.html,2-3,40.81422933347776,-73.94077000029493,40.81422933347776 -73.94077000029493
POINT (-73.92738475430822 40.81830377684673),149th St - Grand Concourse,http://www.mta.info/nyct/subway/index.html,4,40.81830377684673,-73.92738475430822,40.81830377684673 -73.92738475430822
POINT (-73.94962500105149 40.80209833254597),116th St,http://www.mta.info/nyct/subway/index.html,2-3,40.80209833254597,-73.94962500105149,40.80209833254597 -73.94962500105149
POINT (-73.90522700088017 40.85041033318809),Tremont Ave,http://www.mta.info/nyct/subway/index.html,B-D,40.85041033318809,-73.90522700088017,40.85041033318809 -73.90522700088017
POINT (-73.90074099926748 40.8560933318779),182nd-183rd Sts,http://www.mta.info/nyct/subway/index.html,B-D,40.8560933318779,-73.90074099926748,40.8560933318779 -73.90074099926748
POINT (-73.95367600034153 40.82200833264513),137th St - City College,http://www.mta.info/nyct/subway/index.html,1,40.82200833264513,-73.95367600034153,40.82200833264513 -73.95367600034153
POINT (-73.93624499890744 40.82042133297881),145th St,http://www.mta.info/nyct/subway/index.html,3,40.82042133297881,-73.93624499890744,40.82042133297881 -73.93624499890744
POINT (-73.91179399805148 40.84848033423412),176th St,http://www.mta.info/nyct/subway/index.html,4,40.84848033423412,-73.91179399805148,40.84848033423412 -73.91179399805148
POINT (-73.90768400066499 40.853453334428735),Burnside Ave,http://www.mta.info/nyct/subway/index.html,4,40.853453334428735,-73.90768400066499,40.853453334428735 -73.90768400066499
POINT (-73.91339999796051 40.83930633332876),170th St,http://www.mta.info/nyct/subway/index.html,B-D,40.83930633332876,-73.91339999796051,40.83930633332876 -73.91339999796051
POINT (-73.91013600003978 40.84590033357212),174th-175th Sts,http://www.mta.info/nyct/subway/index.html,B-D,40.84590033357212,-73.91013600003978,40.84590033357212 -73.91013600003978
POINT (-73.94013299889706 40.84055633285503),168th St,http://www.mta.info/nyct/subway/index.html,1,40.84055633285503,-73.94013299889706,40.84055633285503 -73.94013299889706
POINT (-73.93359599981648 40.849505333296115),181st St,http://www.mta.info/nyct/subway/index.html,1,40.849505333296115,-73.93359599981648,40.849505333296115 -73.93359599981648
POINT (-73.93956099987895 40.84071933346529),168th St,http://www.mta.info/nyct/subway/index.html,A-C,40.84071933346529,-73.93956099987895,40.84071933346529 -73.93956099987895
POINT (-73.9294119976112 40.855225335009216),191st St,http://www.mta.info/nyct/subway/index.html,1,40.855225335009216,-73.9294119976112,40.855225335009216 -73.9294119976112
POINT (-73.93970399673837 40.84739133395404),175th St,http://www.mta.info/nyct/subway/index.html,A,40.84739133395404,-73.93970399673837,40.84739133395404 -73.93970399673837
POINT (-73.77601299886851 40.59294333262581),Beach 44th St,http://www.mta.info/nyct/subway/index.html,A,40.59294333262581,-73.77601299886851,40.59294333262581 -73.77601299886851
POINT (-73.78852199717782 40.59237433461577),Beach 60th St,http://www.mta.info/nyct/subway/index.html,A,40.59237433461577,-73.78852199717782,40.59237433461577 -73.78852199717782
POINT (-73.82758074931665 40.583268770978755),Beach 105th St,http://www.mta.info/nyct/subway/index.html,A-S,40.583268770978755,-73.82758074931665,40.583268770978755 -73.82758074931665
POINT (-73.82052058872064 40.58538602425417),Beach 98th St,http://www.mta.info/nyct/subway/index.html,A-S,40.58538602425417,-73.82052058872064,40.58538602425417 -73.82052058872064
POINT (-73.83559008596322 40.58095619916644),Rockaway Park - Beach 116 St,http://www.mta.info/nyct/subway/index.html,A-S,40.58095619916644,-73.83559008596322,40.58095619916644 -73.83559008596322
POINT (-73.81365140294552 40.58809189768098),Beach 90th St,http://www.mta.info/nyct/subway/index.html,A-S,40.58809189768098,-73.81365140294552,40.58809189768098 -73.81365140294552
POINT (-73.76817499792809 40.59539833456184),Beach 36th St,http://www.mta.info/nyct/subway/index.html,A,40.59539833456184,-73.76817499792809,40.59539833456184 -73.76817499792809
POINT (-73.76135299673638 40.60006633421964),Beach 25th St,http://www.mta.info/nyct/subway/index.html,A,40.60006633421964,-73.76135299673638,40.60006633421964 -73.76135299673638
POINT (-73.8032889987805 40.70757233327444),Parsons Blvd,http://www.mta.info/nyct/subway/index.html,F,40.70757233327444,-73.8032889987805,40.70757233327444 -73.8032889987805
POINT (-73.79347419781826 40.71051783638578),169th St,http://www.mta.info/nyct/subway/index.html,F,40.71051783638578,-73.79347419781826,40.71051783638578 -73.79347419781826
POINT (-73.8626999970616 40.7498653343015),103rd St - Corona Plaza,http://www.mta.info/nyct/subway/index.html,7,40.7498653343015,-73.8626999970616,40.7498653343015 -73.8626999970616
POINT (-73.85533399729226 40.751730332999585),111th St,http://www.mta.info/nyct/subway/index.html,7,40.751730332999585,-73.85533399729226,40.751730332999585 -73.85533399729226
POINT (-73.86161820029058 40.72976430547176),63rd Dr - Rego Park,http://www.mta.info/nyct/subway/index.html,E-M-R,40.72976430547176,-73.86161820029058,40.72976430547176 -73.86161820029058
POINT (-73.86504999808713 40.67704433385241),Grant Ave,http://www.mta.info/nyct/subway/index.html,A-S,40.67704433385241,-73.86504999808713,40.67704433385241 -73.86504999808713
POINT (-73.97991700040643 40.78393433274081),79th St,http://www.mta.info/nyct/subway/index.html,1-2,40.78393433274081,-73.97991700040643,40.78393433274081 -73.97991700040643
POINT (-73.90309699915753 40.675344999443105),Atlantic Ave,http://www.mta.info/nyct/subway/index.html,L,40.675344999443105,-73.90309699915753,40.675344999443105 -73.90309699915753
POINT (-74.002905998897 40.73342233397504),Christopher St - Sheridan Sq,http://www.mta.info/nyct/subway/index.html,1-2,40.73342233397504,-74.002905998897,40.73342233397504 -74.002905998897
POINT (-73.90409799796717 40.812118331738084),E 149th St,http://www.mta.info/nyct/subway/index.html,6,40.812118331738084,-73.90409799796717,40.812118331738084 -73.90409799796717
POINT (-73.8257979983959 40.68595133199964),Ozone Park - Lefferts Blvd,http://www.mta.info/nyct/subway/index.html,A-S,40.68595133199964,-73.8257979983959,40.68595133199964 -73.8257979983959
POINT (-73.98769099766001 40.75547733499068),Times Sq - 42nd St,http://www.mta.info/nyct/subway/index.html,7-7 Express,40.75547733499068,-73.98769099766001,40.75547733499068 -73.98769099766001
POINT (-73.9598739980726 40.77362033401498),77th St,http://www.mta.info/nyct/subway/index.html,4-6-6 Express,40.77362033401498,-73.9598739980726,40.77362033401498 -73.9598739980726
POINT (-73.90298400085238 40.74563033401391),Woodside - 61st St,http://www.mta.info/nyct/subway/index.html,7-7 Express,40.74563033401391,-73.90298400085238,40.74563033401391 -73.90298400085238
POINT (-73.83216299793189 40.68433133342542),111th St,http://www.mta.info/nyct/subway/index.html,A-S,40.68433133342542,-73.83216299793189,40.68433133342542 -73.83216299793189
POINT (-73.83003000183344 40.75960033237315),Flushing - Main St,http://www.mta.info/nyct/subway/index.html,7-7 Express,40.75960033237315,-73.83003000183344,40.75960033237315 -73.83003000183344
POINT (-73.97595787404076 40.57603415120005),W 8th St - NY Aquarium,http://www.mta.info/nyct/subway/index.html,F-Q,40.57603415120005,-73.97595787404076,40.57603415120005 -73.97595787404076
POINT (-73.99336500139277 40.74721533235655),28th St,http://www.mta.info/nyct/subway/index.html,1-2,40.74721533235655,-73.99336500139277,40.74721533235655 -73.99336500139277
POINT (-73.98426400149621 40.74307033282793),28th St,http://www.mta.info/nyct/subway/index.html,4-6-6 Express,40.74307033282793,-73.98426400149621,40.74307033282793 -73.98426400149621
POINT (-73.82812099995719 40.852462333145894),Pelham Bay Park,http://www.mta.info/nyct/subway/index.html,6-6 Express,40.852462333145894,-73.82812099995719,40.852462333145894 -73.82812099995719
POINT (-73.84295199835405 40.839892334397746),Westchester Sq - E Tremont Ave,http://www.mta.info/nyct/subway/index.html,6-6 Express,40.839892334397746,-73.84295199835405,40.839892334397746 -73.84295199835405
POINT (-73.99787100112236 40.741040332966726),18th St,http://www.mta.info/nyct/subway/index.html,1-2,40.741040332966726,-73.99787100112236,40.741040332966726 -73.99787100112236
POINT (-73.97671329936165 40.75180776311499),Grand Central - 42nd St,http://www.mta.info/nyct/subway/index.html,4-5-6-6 Express,40.75180776311499,-73.97671329936165,40.75180776311499 -73.97671329936165
POINT (-73.9760410011979 40.75143133351694),Grand Central - 42nd St,http://www.mta.info/nyct/subway/index.html,7-7 Express,40.75143133351694,-73.9760410011979,40.75143133351694 -73.9760410011979
POINT (-74.00019299900356 40.718803334727426),Canal St,http://www.mta.info/nyct/subway/index.html,4-6-6 Express,40.718803334727426,-74.00019299900356,40.718803334727426 -74.00019299900356
POINT (-73.79692399899525 40.590927334290434),Beach 67th St,http://www.mta.info/nyct/subway/index.html,A,40.590927334290434,-73.79692399899525,40.590927334290434 -73.79692399899525
POINT (-74.00049500225549 40.73233833138155),W 4th St - Washington Sq (Upper),http://www.mta.info/nyct/subway/index.html,A-C-E,40.73233833138155,-74.00049500225549,40.73233833138155 -74.00049500225549
POINT (-73.85286048368066 40.72650580934677),67th Ave,http://www.mta.info/nyct/subway/index.html,E-M-R,40.72650580934677,-73.85286048368066,40.72650580934677 -73.85286048368066
POINT (-73.86008699933834 40.692427333043625),85th St - Forest Pky,http://www.mta.info/nyct/subway/index.html,J,40.692427333043625,-73.86008699933834,40.692427333043625 -73.86008699933834
POINT (-73.85205199698804 40.69370433254967),Woodhaven Blvd,http://www.mta.info/nyct/subway/index.html,J-Z,40.69370433254967,-73.85205199698804,40.69370433254967 -73.85205199698804
POINT (-73.83679338317 40.69711514442172),111th St,http://www.mta.info/nyct/subway/index.html,J,40.69711514442172,-73.83679338317,40.69711514442172 -73.83679338317
POINT (-73.82834899922645 40.70048233167487),121st St,http://www.mta.info/nyct/subway/index.html,J-Z,40.70048233167487,-73.82834899922645,40.70048233167487 -73.82834899922645
POINT (-73.80800471916443 40.70038275752361),Sutphin Blvd - Archer Av,http://www.mta.info/nyct/subway/index.html,E-J-Z,40.70038275752361,-73.80800471916443,40.70038275752361 -73.80800471916443
POINT (-73.90393400047114 40.69551833448191),Halsey St,http://www.mta.info/nyct/subway/index.html,L,40.69551833448191,-73.90393400047114,40.69551833448191 -73.90393400047114
POINT (-73.91097571780219 40.69947139533809),Myrtle Ave,http://www.mta.info/nyct/subway/index.html,L,40.69947139533809,-73.91097571780219,40.69947139533809 -73.91097571780219
POINT (-73.8841107078647 40.666315265574426),New Lots Ave,http://www.mta.info/nyct/subway/index.html,3-4,40.666315265574426,-73.8841107078647,40.666315265574426 -73.8841107078647
POINT (-73.88940491629894 40.66551829666946),Van Siclen Ave,http://www.mta.info/nyct/subway/index.html,3-4,40.66551829666946,-73.88940491629894,40.66551829666946 -73.88940491629894
POINT (-73.89488591124234 40.66471478435396),Pennsylvania Ave,http://www.mta.info/nyct/subway/index.html,3-4,40.66471478435396,-73.89488591124234,40.66471478435396 -73.89488591124234
POINT (-73.89035799977019 40.67271033212401),Van Siclen Ave,http://www.mta.info/nyct/subway/index.html,A-C,40.67271033212401,-73.89035799977019,40.67271033212401 -73.89035799977019
POINT (-73.89165772599068 40.67802854813373),Van Siclen Ave,http://www.mta.info/nyct/subway/index.html,J-Z,40.67802854813373,-73.89165772599068,40.67802854813373 -73.89165772599068
POINT (-73.8851940012429 40.679778332299975),Cleveland St,http://www.mta.info/nyct/subway/index.html,J,40.679778332299975,-73.8851940012429,40.679778332299975 -73.8851940012429
POINT (-73.90056237156317 40.664057604182275),Livonia Ave,http://www.mta.info/nyct/subway/index.html,L,40.664057604182275,-73.90056237156317,40.664057604182275 -73.90056237156317
POINT (-73.90191599959435 40.66914533375269),Sutter Ave,http://www.mta.info/nyct/subway/index.html,L,40.66914533375269,-73.90191599959435,40.66914533375269 -73.90191599959435
POINT (-73.90244864097313 40.66358933490929),Junius St,http://www.mta.info/nyct/subway/index.html,3-4,40.66358933490929,-73.90244864097313,40.66358933490929 -73.90244864097313
POINT (-73.9089583356391 40.66261782103152),Rockaway Ave,http://www.mta.info/nyct/subway/index.html,3-4,40.66261782103152,-73.9089583356391,40.66261782103152 -73.9089583356391
POINT (-73.901849999934 40.64665400044553),Canarsie - Rockaway Pkwy,http://www.mta.info/nyct/subway/index.html,L,40.64665400044553,-73.901849999934,40.64665400044553 -73.901849999934
POINT (-73.89954769314163 40.650469118412055),E 105th St,http://www.mta.info/nyct/subway/index.html,L,40.650469118412055,-73.89954769314163,40.650469118412055 -73.89954769314163
POINT (-73.91633024966043 40.66153012321424),Saratoga Ave,http://www.mta.info/nyct/subway/index.html,3-4,40.66153012321424,-73.91633024966043,40.66153012321424 -73.91633024966043
POINT (-73.92252118506703 40.664767122207614),Sutter Ave - Rutland Road,http://www.mta.info/nyct/subway/index.html,3-4,40.664767122207614,-73.92252118506703,40.664767122207614 -73.92252118506703
POINT (-73.89927796012282 40.65891510689037),New Lots Ave,http://www.mta.info/nyct/subway/index.html,L,40.65891510689037,-73.89927796012282,40.65891510689037 -73.89927796012282
POINT (-73.7554049978951 40.60399533472034),Far Rockaway - Mott Ave,http://www.mta.info/nyct/subway/index.html,A,40.60399533472034,-73.7554049978951,40.60399533472034 -73.7554049978951
POINT (-73.91038356930946 40.682851634494526),Chauncey St,http://www.mta.info/nyct/subway/index.html,J-Z,40.682851634494526,-73.91038356930946,40.682851634494526 -73.91038356930946
POINT (-73.9042899974254 40.679366334574624),Broadway Junction,http://www.mta.info/nyct/subway/index.html,J-Z,40.679366334574624,-73.9042899974254,40.679366334574624 -73.9042899974254
POINT (-73.91663888395097 40.68641560444364),Halsey St,http://www.mta.info/nyct/subway/index.html,J,40.68641560444364,-73.91663888395097,40.68641560444364 -73.91663888395097
POINT (-73.89852600099044 40.67699833360107),Alabama Ave,http://www.mta.info/nyct/subway/index.html,J,40.67699833360107,-73.89852600099044,40.67699833360107 -73.89852600099044
POINT (-73.88074999710298 40.67413033485932),Shepherd Ave,http://www.mta.info/nyct/subway/index.html,A-C,40.67413033485932,-73.88074999710298,40.67413033485932 -73.88074999710298
POINT (-73.87962599833826 40.68152033389478),Norwood Ave,http://www.mta.info/nyct/subway/index.html,J-Z,40.68152033389478,-73.87962599833826,40.68152033389478 -73.87962599833826
POINT (-73.87392925190409 40.68315299047885),Crescent St,http://www.mta.info/nyct/subway/index.html,J-Z,40.68315299047885,-73.87392925190409,40.68315299047885 -73.87392925190409
POINT (-73.87332199828757 40.689616334196266),Cypress Hills,http://www.mta.info/nyct/subway/index.html,J,40.689616334196266,-73.87332199828757,40.689616334196266 -73.87332199828757
POINT (-73.8672879987574 40.69129033462167),75th St - Eldert Ln,http://www.mta.info/nyct/subway/index.html,J-Z,40.69129033462167,-73.8672879987574,40.69129033462167 -73.8672879987574
POINT (-73.89640299838608 40.746325332824334),69th St,http://www.mta.info/nyct/subway/index.html,7,40.746325332824334,-73.89640299838608,40.746325332824334 -73.89640299838608
POINT (-73.8912051283828 40.746867907409886),74th St - Broadway,http://www.mta.info/nyct/subway/index.html,7,40.746867907409886,-73.8912051283828,40.746867907409886 -73.8912051283828
POINT (-73.89878837766967 40.74971986271151),65th St,http://www.mta.info/nyct/subway/index.html,E-M-R,40.74971986271151,-73.89878837766967,40.74971986271151 -73.89878837766967
POINT (-73.86943208499206 40.73309770715039),Woodhaven Blvd - Queens Mall,http://www.mta.info/nyct/subway/index.html,E-M-R,40.73309770715039,-73.86943208499206,40.73309770715039 -73.86943208499206
POINT (-73.91217899875637 40.699454334648586),Wyckoff Ave,http://www.mta.info/nyct/subway/index.html,M,40.699454334648586,-73.91217899875637,40.699454334648586 -73.91217899875637
POINT (-73.9075819984298 40.70291933262727),Seneca Ave,http://www.mta.info/nyct/subway/index.html,M,40.70291933262727,-73.9075819984298,40.70291933262727 -73.9075819984298
POINT (-73.91823200153044 40.70369333256863),DeKalb Ave,http://www.mta.info/nyct/subway/index.html,L,40.70369333256863,-73.91823200153044,40.70369333256863 -73.91823200153044
POINT (-73.91254899814022 40.7441493343501),52nd St,http://www.mta.info/nyct/subway/index.html,7,40.7441493343501,-73.91254899814022,40.7441493343501 -73.91254899814022
POINT (-73.91352175005927 40.75631728599804),46th St,http://www.mta.info/nyct/subway/index.html,E-M-R,40.75631728599804,-73.91352175005927,40.75631728599804 -73.91352175005927
POINT (-73.90606508028196 40.75282516296223),Northern Blvd,http://www.mta.info/nyct/subway/index.html,E-M-R,40.75282516296223,-73.90606508028196,40.75282516296223 -73.90606508028196
POINT (-73.91843500055474 40.74313233412849),46th St,http://www.mta.info/nyct/subway/index.html,7,40.74313233412849,-73.91843500055474,40.74313233412849 -73.91843500055474
POINT (-73.88369699986349 40.74765933320238),82nd St - Jackson Hts,http://www.mta.info/nyct/subway/index.html,7,40.74765933320238,-73.88369699986349,40.74765933320238 -73.88369699986349
POINT (-73.87661299894202 40.748408334002924),90th St - Elmhurst Av,http://www.mta.info/nyct/subway/index.html,7,40.748408334002924,-73.87661299894202,40.748408334002924 -73.87661299894202
POINT (-73.87722085593703 40.73681375120887),Grand Ave - Newtown,http://www.mta.info/nyct/subway/index.html,E-M-R,40.73681375120887,-73.87722085593703,40.73681375120887 -73.87722085593703
POINT (-73.88203474588971 40.74237041300368),Elmhurst Ave,http://www.mta.info/nyct/subway/index.html,E-M-R,40.74237041300368,-73.88203474588971,40.74237041300368 -73.88203474588971
POINT (-73.83030099930434 40.660476333123206),Howard Beach - JFK Airport,http://www.mta.info/nyct/subway/index.html,A,40.660476333123206,-73.83030099930434,40.660476333123206 -73.83030099930434
POINT (-73.83405799882622 40.66823433458028),Aqueduct - North Conduit Av,http://www.mta.info/nyct/subway/index.html,A,40.66823433458028,-73.83405799882622,40.66823433458028 -73.83405799882622
POINT (-73.84443499900195 40.695166331888885),104th-102nd Sts,http://www.mta.info/nyct/subway/index.html,J-Z,40.695166331888885,-73.84443499900195,40.695166331888885 -73.84443499900195
POINT (-73.82069263553905 40.709162148863335),Briarwood - Van Wyck Blvd,http://www.mta.info/nyct/subway/index.html,E-F,40.709162148863335,-73.82069263553905,40.709162148863335 -73.82069263553905
POINT (-73.84451671920691 40.72159464293687),Forest Hills - 71st Av,http://www.mta.info/nyct/subway/index.html,E-F-M-R,40.72159464293687,-73.84451671920691,40.72159464293687 -73.84451671920691
POINT (-73.81083299827169 40.70541833253),Sutphin Blvd,http://www.mta.info/nyct/subway/index.html,F,40.70541833253,-73.81083299827169,40.70541833253 -73.81083299827169
POINT (-73.81701287026034 40.70289888659826),Jamaica - Van Wyck,http://www.mta.info/nyct/subway/index.html,E,40.70289888659826,-73.81701287026034,40.70289888659826 -73.81701287026034
POINT (-73.80109632198113 40.70206770924661),Jamaica Ctr - Parsons / Archer,http://www.mta.info/nyct/subway/index.html,E-J-Z,40.70206770924661,-73.80109632198113,40.70206770924661 -73.80109632198113
POINT (-73.89306639471833 40.82397717486102),Simpson St,http://www.mta.info/nyct/subway/index.html,2-5,40.82397717486102,-73.89306639471833,40.82397717486102 -73.89306639471833
POINT (-73.89175225285328 40.8299877799453),Freeman St,http://www.mta.info/nyct/subway/index.html,2-5,40.8299877799453,-73.89175225285328,40.8299877799453 -73.89175225285328
POINT (-73.86021461686795 40.88802859157574),225th St,http://www.mta.info/nyct/subway/index.html,2-5,40.88802859157574,-73.86021461686795,40.88802859157574 -73.86021461686795
POINT (-73.87915899781727 40.82858433457284),Elder Ave,http://www.mta.info/nyct/subway/index.html,6,40.82858433457284,-73.87915899781727,40.82858433457284 -73.87915899781727
POINT (-73.87451599884423 40.829521335098256),Morrison Av - Soundview,http://www.mta.info/nyct/subway/index.html,6,40.829521335098256,-73.87451599884423,40.829521335098256 -73.87451599884423
POINT (-73.89643499864899 40.81610433364345),Longwood Ave,http://www.mta.info/nyct/subway/index.html,6,40.81610433364345,-73.89643499864899,40.81610433364345 -73.89643499864899
POINT (-73.91809500082121 40.770037332517354),Astoria Blvd,http://www.mta.info/nyct/subway/index.html,N-Q,40.770037332517354,-73.91809500082121,40.770037332517354 -73.91809500082121
POINT (-73.91203400018503 40.7750359996785),Astoria - Ditmars Blvd,http://www.mta.info/nyct/subway/index.html,N-Q,40.7750359996785,-73.91203400018503,40.7750359996785 -73.91203400018503
POINT (-73.90770193853471 40.816437799808796),Jackson Ave,http://www.mta.info/nyct/subway/index.html,2-5,40.816437799808796,-73.90770193853471,40.816437799808796 -73.90770193853471
POINT (-73.9017777862438 40.81948759780675),Prospect Ave,http://www.mta.info/nyct/subway/index.html,2-5,40.81948759780675,-73.9017777862438,40.81948759780675 -73.9017777862438
POINT (-73.91404199941688 40.80536833435186),Cypress Ave,http://www.mta.info/nyct/subway/index.html,6,40.80536833435186,-73.91404199941688,40.80536833435186 -73.91404199941688
POINT (-73.88628299832433 40.82652533380191),Whitlock Ave,http://www.mta.info/nyct/subway/index.html,6,40.82652533380191,-73.88628299832433,40.82652533380191 -73.88628299832433
POINT (-73.8966173835841 40.82214246442492),Intervale Ave,http://www.mta.info/nyct/subway/index.html,2-5,40.82214246442492,-73.8966173835841,40.82214246442492 -73.8966173835841
POINT (-73.88769359751684 40.837195883313186),174th St,http://www.mta.info/nyct/subway/index.html,2-5,40.837195883313186,-73.88769359751684,40.837195883313186 -73.88769359751684
POINT (-73.86748067761889 40.85719274250162),Pelham Pkwy,http://www.mta.info/nyct/subway/index.html,2-5,40.85719274250162,-73.86748067761889,40.85719274250162 -73.86748067761889
POINT (-73.86723422776349 40.86548371157605),Allerton Ave,http://www.mta.info/nyct/subway/index.html,2-5,40.86548371157605,-73.86723422776349,40.86548371157605 -73.86723422776349
POINT (-73.90765699883949 40.808719334136455),E 143rd St - St Mary's St,http://www.mta.info/nyct/subway/index.html,6,40.808719334136455,-73.90765699883949,40.808719334136455 -73.90765699883949
POINT (-73.89717400101911 40.867760333744734),Kingsbridge Rd,http://www.mta.info/nyct/subway/index.html,4,40.867760333744734,-73.89717400101911,40.867760333744734 -73.89717400101911
POINT (-73.89006400056154 40.8734123326929),Bedford Park Blvd - Lehman College,http://www.mta.info/nyct/subway/index.html,4,40.8734123326929,-73.89006400056154,40.8734123326929 -73.89006400056154
POINT (-73.93646999991873 40.82388033407589),Harlem - 148 St,http://www.mta.info/nyct/subway/index.html,3,40.82388033407589,-73.93646999991873,40.82388033407589 -73.93646999991873
POINT (-73.91468499864928 40.844434333833284),Mt Eden Ave,http://www.mta.info/nyct/subway/index.html,4,40.844434333833284,-73.91468499864928,40.844434333833284 -73.91468499864928
POINT (-73.89774900076851 40.86129633182038),Fordham Rd,http://www.mta.info/nyct/subway/index.html,B-D,40.86129633182038,-73.89774900076851,40.86129633182038 -73.89774900076851
POINT (-73.91779099709355 40.84007533283499),170th St,http://www.mta.info/nyct/subway/index.html,4,40.84007533283499,-73.91779099709355,40.84007533283499 -73.91779099709355
POINT (-73.89350900003097 40.86697833331913),Kingsbridge Rd,http://www.mta.info/nyct/subway/index.html,B-D,40.86697833331913,-73.89350900003097,40.86697833331913 -73.89350900003097
POINT (-73.88713799869915 40.87324433171974),Bedford Park Blvd,http://www.mta.info/nyct/subway/index.html,B-D,40.87324433171974,-73.88713799869915,40.87324433171974 -73.88713799869915
POINT (-73.90983099891776 40.87456133275337),Marble Hill - 225th St,http://www.mta.info/nyct/subway/index.html,1,40.87456133275337,-73.90983099891776,40.87456133275337 -73.90983099891776
POINT (-73.90483400042638 40.87885633187432),231st St,http://www.mta.info/nyct/subway/index.html,1,40.87885633187432,-73.90483400042638,40.87885633187432 -73.90483400042638
POINT (-73.91527899930841 40.869444332904905),215th St,http://www.mta.info/nyct/subway/index.html,1,40.869444332904905,-73.91527899930841,40.869444332904905 -73.91527899930841
POINT (-73.91881900072042 40.864614333714016),207th St,http://www.mta.info/nyct/subway/index.html,1,40.864614333714016,-73.91881900072042,40.864614333714016 -73.91881900072042
POINT (-73.91989900076265 40.8680723332653),Inwood - 207th St,http://www.mta.info/nyct/subway/index.html,A,40.8680723332653,-73.91989900076265,40.8680723332653 -73.91989900076265
POINT (-73.90086999936261 40.884667334326366),238th St,http://www.mta.info/nyct/subway/index.html,1,40.884667334326366,-73.90086999936261,40.884667334326366 -73.90086999936261
POINT (-73.89858299979814 40.88924833345021),Van Cortlandt Park - 242nd St,http://www.mta.info/nyct/subway/index.html,1,40.88924833345021,-73.89858299979814,40.88924833345021 -73.89858299979814
POINT (-73.87996127809559 40.84020796544077),West Farms Sq - E Tremont Av,http://www.mta.info/nyct/subway/index.html,2-5,40.84020796544077,-73.87996127809559,40.84020796544077 -73.87996127809559
POINT (-73.86761799826303 40.83150933406975),St Lawrence Ave,http://www.mta.info/nyct/subway/index.html,6,40.83150933406975,-73.86761799826303,40.83150933406975 -73.86761799826303
POINT (-73.86835609123708 40.848768999811156),Bronx Park East,http://www.mta.info/nyct/subway/index.html,2-5,40.848768999811156,-73.86835609123708,40.848768999811156 -73.86835609123708
POINT (-73.86613410422373 40.87783971871569),Gun Hill Rd,http://www.mta.info/nyct/subway/index.html,2-5,40.87783971871569,-73.86613410422373,40.87783971871569 -73.86613410422373
POINT (-73.8625097074803 40.88388830753444),219th St,http://www.mta.info/nyct/subway/index.html,2-5,40.88388830753444,-73.8625097074803,40.88388830753444 -73.8625097074803
POINT (-73.88465499988884 40.87975033296914),Mosholu Pkwy,http://www.mta.info/nyct/subway/index.html,4,40.87975033296914,-73.88465499988884,40.87975033296914 -73.88465499988884
POINT (-73.87885499849918 40.874811333682345),Norwood - 205th St,http://www.mta.info/nyct/subway/index.html,D,40.874811333682345,-73.87885499849918,40.874811333682345 -73.87885499849918
POINT (-73.86705361677089 40.87125913561442),Burke Ave,http://www.mta.info/nyct/subway/index.html,2-5,40.87125913561442,-73.86705361677089,40.87125913561442 -73.86705361677089
POINT (-73.83859099777192 40.87866333374528),Baychester Ave,http://www.mta.info/nyct/subway/index.html,5,40.87866333374528,-73.83859099777192,40.87866333374528 -73.83859099777192
POINT (-73.83083400082742 40.88830033249039),Eastchester - Dyre Ave,http://www.mta.info/nyct/subway/index.html,5,40.88830033249039,-73.83083400082742,40.88830033249039 -73.83083400082742
POINT (-73.78381700044153 40.712645999940975),Jamaica - 179th St,http://www.mta.info/nyct/subway/index.html,F,40.712645999940975,-73.78381700044153,40.712645999940975 -73.78381700044153
POINT (-73.85061999835273 40.90312533408352),Wakefield - 241st St,http://www.mta.info/nyct/subway/index.html,2,40.90312533408352,-73.85061999835273,40.90312533408352 -73.85061999835273
POINT (-73.95924499975295 40.670342999976114),Botanic Garden,http://www.mta.info/nyct/subway/index.html,S,40.670342999976114,-73.95924499975295,40.670342999976114 -73.95924499975295
POINT (-73.90526176227334 40.682860958491204),Bushwick - Aberdeen,http://www.mta.info/nyct/subway/index.html,L,40.682860958491204,-73.90526176227334,40.682860958491204 -73.90526176227334
POINT (-73.90395860493146 40.68886687533081),Wilson Ave,http://www.mta.info/nyct/subway/index.html,L,40.68886687533081,-73.90395860493146,40.68886687533081 -73.90395860493146
POINT (-73.90311757843438 40.67845658203403),Broadway Junction,http://www.mta.info/nyct/subway/index.html,L,40.67845658203403,-73.90311757843438,40.67845658203403 -73.90311757843438
POINT (-73.84638400102972 40.86952633288799),Gun Hill Rd,http://www.mta.info/nyct/subway/index.html,5,40.86952633288799,-73.84638400102972,40.86952633288799 -73.84638400102972
POINT (-73.87334609435007 40.84186337449904),E 180th St,http://www.mta.info/nyct/subway/index.html,2-5,40.84186337449904,-73.87334609435007,40.84186337449904 -73.87334609435007
POINT (-73.92553599977501 40.86053133457367),Dyckman St,http://www.mta.info/nyct/subway/index.html,1,40.86053133457367,-73.92553599977501,40.86053133457367 -73.92553599977501
POINT (-73.95837200092977 40.8155813329265),125th St,http://www.mta.info/nyct/subway/index.html,1,40.8155813329265,-73.95837200092977,40.8155813329265 -73.95837200092977
POINT (-73.95762400033107 40.674771999887255),Park Pl,http://www.mta.info/nyct/subway/index.html,S,40.674771999887255,-73.95762400033107,40.674771999887255 -73.95762400033107
POINT (-73.95582700108798 40.68059599942808),Franklin Ave - Fulton St,http://www.mta.info/nyct/subway/index.html,S,40.68059599942808,-73.95582700108798,40.68059599942808 -73.95582700108798
POINT (-73.85431530997917 40.898286849118136),Nereid Ave (238 St),http://www.mta.info/nyct/subway/index.html,2-5,40.898286849118136,-73.85431530997917,40.898286849118136 -73.85431530997917
POINT (-73.9267224745775 40.81833047711118),149th St - Grand Concourse,http://www.mta.info/nyct/subway/index.html,2-5,40.81833047711118,-73.9267224745775,40.81833047711118 -73.9267224745775
POINT (-73.91779152703793 40.816029585709344),3rd Ave - 149th St,http://www.mta.info/nyct/subway/index.html,2-5,40.816029585709344,-73.91779152703793,40.816029585709344 -73.91779152703793
POINT (-73.92569199495203 40.82823066063588),161st St - Yankee Stadium,http://www.mta.info/nyct/subway/index.html,4,40.82823066063588,-73.92569199495203,40.82823066063588 -73.92569199495203
POINT (-73.92139999756648 40.83553733302143),167th St,http://www.mta.info/nyct/subway/index.html,4,40.83553733302143,-73.92139999756648,40.83553733302143 -73.92139999756648
POINT (-73.9192399981735 40.80756633325041),Brook Ave,http://www.mta.info/nyct/subway/index.html,6,40.80756633325041,-73.9192399981735,40.80756633325041 -73.9192399981735
POINT (-73.93099699873846 40.744587333592726),33rd St,http://www.mta.info/nyct/subway/index.html,7,40.744587333592726,-73.93099699873846,40.744587333592726 -73.93099699873846
POINT (-73.9240159980613 40.743781334697424),40th St,http://www.mta.info/nyct/subway/index.html,7,40.743781334697424,-73.9240159980613,40.743781334697424 -73.9240159980613
POINT (-73.94408792835779 40.82476669406457),145th St,http://www.mta.info/nyct/subway/index.html,A-B-C-D,40.82476669406457,-73.94408792835779,40.82476669406457 -73.94408792835779
POINT (-73.93820899809954 40.83013533321578),155th St,http://www.mta.info/nyct/subway/index.html,B-D,40.83013533321578,-73.93820899809954,40.83013533321578 -73.93820899809954
POINT (-73.92565099751474 40.82790533241327),161st St - Yankee Stadium,http://www.mta.info/nyct/subway/index.html,B-D,40.82790533241327,-73.92565099751474,40.82790533241327 -73.92565099751474
POINT (-73.91843200077082 40.83376933205918),167th St,http://www.mta.info/nyct/subway/index.html,B-D,40.83376933205918,-73.91843200077082,40.83376933205918 -73.91843200077082
POINT (-73.92078599919046 40.678822334523645),Ralph Ave,http://www.mta.info/nyct/subway/index.html,A-C,40.678822334523645,-73.92078599919046,40.678822334523645 -73.92078599919046
POINT (-73.93072899845322 40.67936433301651),Utica Ave,http://www.mta.info/nyct/subway/index.html,A-C,40.67936433301651,-73.93072899845322,40.67936433301651 -73.93072899845322
POINT (-73.92901818470385 40.751960377482355),36th St,http://www.mta.info/nyct/subway/index.html,E-M-R,40.751960377482355,-73.92901818470385,40.751960377482355 -73.92901818470385
POINT (-73.92052647104094 40.756987692724486),Steinway St,http://www.mta.info/nyct/subway/index.html,E-M-R,40.756987692724486,-73.92052647104094,40.756987692724486 -73.92052647104094
POINT (-73.92850899856917 40.69317233423697),Kosciuszko St,http://www.mta.info/nyct/subway/index.html,J,40.69317233423697,-73.92850899856917,40.69317233423697 -73.92850899856917
POINT (-73.92215600058701 40.68958433256818),Gates Ave,http://www.mta.info/nyct/subway/index.html,J-Z,40.68958433256818,-73.92215600058701,40.68958433256818 -73.92215600058701
POINT (-73.9272429982954 40.69787333339047),Central Ave,http://www.mta.info/nyct/subway/index.html,M,40.69787333339047,-73.9272429982954,40.69787333339047 -73.9272429982954
POINT (-73.91972000097114 40.698660334772896),Knickerbocker Ave,http://www.mta.info/nyct/subway/index.html,M,40.698660334772896,-73.91972000097114,40.698660334772896 -73.91972000097114
POINT (-73.92582299856429 40.761432332024945),Broadway,http://www.mta.info/nyct/subway/index.html,N-Q,40.761432332024945,-73.92582299856429,40.761432332024945 -73.92582299856429
POINT (-73.92147900005995 40.76677899973269),30th Ave,http://www.mta.info/nyct/subway/index.html,N-Q,40.76677899973269,-73.92147900005995,40.76677899973269 -73.92147900005995
POINT (-73.92291299953057 40.706606999359956),Jefferson St,http://www.mta.info/nyct/subway/index.html,L,40.706606999359956,-73.92291299953057,40.706606999359956 -73.92291299953057
POINT (-73.93314699998834 40.70615200009972),Morgan Ave,http://www.mta.info/nyct/subway/index.html,L,40.70615200009972,-73.93314699998834,40.70615200009972 -73.93314699998834
POINT (-73.937138239261 40.748918053128584),Queens Plz,http://www.mta.info/nyct/subway/index.html,E-M-R,40.748918053128584,-73.937138239261,40.748918053128584 -73.937138239261
POINT (-73.97697099987755 40.62975500011662),18th Ave,http://www.mta.info/nyct/subway/index.html,F,40.62975500011662,-73.97697099987755,40.62975500011662 -73.97697099987755
POINT (-73.9781719999271 40.63611899980037),Ditmas Ave,http://www.mta.info/nyct/subway/index.html,F,40.63611899980037,-73.9781719999271,40.63611899980037 -73.9781719999271
POINT (-74.02550999958477 40.62974200015178),77th St,http://www.mta.info/nyct/subway/index.html,R,40.62974200015178,-74.02550999958477,40.62974200015178 -74.02550999958477
POINT (-74.0233769992409 40.63496700028034),Bay Ridge Ave,http://www.mta.info/nyct/subway/index.html,R,40.63496700028034,-74.0233769992409,40.63496700028034 -74.0233769992409
POINT (-73.99534882553118 40.631479094385625),55th St,http://www.mta.info/nyct/subway/index.html,D,40.631479094385625,-73.99534882553118,40.631479094385625 -73.99534882553118
POINT (-73.99465878009656 40.636261224383965),50th St,http://www.mta.info/nyct/subway/index.html,D,40.636261224383965,-73.99465878009656,40.636261224383965 -73.99465878009656
POINT (-74.00535100072418 40.631386000144154),Ft Hamilton Pkwy,http://www.mta.info/nyct/subway/index.html,N,40.631386000144154,-74.00535100072418,40.631386000144154 -74.00535100072418
POINT (-74.01151599735913 40.63497133283626),8th Ave,http://www.mta.info/nyct/subway/index.html,N,40.63497133283626,-74.01151599735913,40.63497133283626 -74.01151599735913
POINT (-73.9868290001644 40.59770400016762),25th Ave,http://www.mta.info/nyct/subway/index.html,D,40.59770400016762,-73.9868290001644,40.59770400016762 -73.9868290001644
POINT (-73.99367619974002 40.601950795212716),Bay Pky,http://www.mta.info/nyct/subway/index.html,D,40.601950795212716,-73.99367619974002,40.601950795212716 -73.99367619974002
POINT (-73.98452199841243 40.61710933301559),20th Ave,http://www.mta.info/nyct/subway/index.html,N,40.61710933301559,-73.98452199841243,40.61710933301559 -73.98452199841243
POINT (-73.99045399859853 40.620687331248675),18th Ave,http://www.mta.info/nyct/subway/index.html,N,40.620687331248675,-73.99045399859853,40.620687331248675 -73.99045399859853
POINT (-74.0308760006303 40.6166220006113),Bay Ridge - 95th St,http://www.mta.info/nyct/subway/index.html,R,40.6166220006113,-74.0308760006303,40.6166220006113 -74.0308760006303
POINT (-74.0283980002836 40.62268700032295),86th St,http://www.mta.info/nyct/subway/index.html,R,40.62268700032295,-74.0283980002836,40.62268700032295 -74.0283980002836
POINT (-74.000582873947 40.613159259344464),79th St,http://www.mta.info/nyct/subway/index.html,D,40.613159259344464,-74.000582873947,40.613159259344464 -74.000582873947
POINT (-73.9988409490545 40.61925904300817),71st St,http://www.mta.info/nyct/subway/index.html,D,40.61925904300817,-73.9988409490545,40.61925904300817 -73.9988409490545
POINT (-73.99817432102677 40.604677331055306),20th Ave,http://www.mta.info/nyct/subway/index.html,D,40.604677331055306,-73.99817432102677,40.604677331055306 -73.99817432102677
POINT (-74.00159259254073 40.607736065209444),18th Ave,http://www.mta.info/nyct/subway/index.html,D,40.607736065209444,-74.00159259254073,40.607736065209444 -74.00159259254073
POINT (-73.99685725051668 40.626224796104694),62nd St,http://www.mta.info/nyct/subway/index.html,D,40.626224796104694,-73.99685725051668,40.626224796104694 -73.99685725051668
POINT (-73.99635300046697 40.624842000193794),New Utrecht Ave,http://www.mta.info/nyct/subway/index.html,N,40.624842000193794,-73.99635300046697,40.624842000193794 -73.99635300046697
POINT (-73.97337641904097 40.595925159151875),Ave U,http://www.mta.info/nyct/subway/index.html,F,40.595925159151875,-73.97337641904097,40.595925159151875 -73.97337641904097
POINT (-73.97235530833731 40.60325873883345),Kings Hwy,http://www.mta.info/nyct/subway/index.html,F,40.60325873883345,-73.97235530833731,40.60325873883345 -73.97235530833731
POINT (-73.96135378572068 40.57771052976751),Brighton Beach,http://www.mta.info/nyct/subway/index.html,B-Q,40.57771052976751,-73.96135378572068,40.57771052976751 -73.96135378572068
POINT (-73.95405791182218 40.58654788005143),Sheepshead Bay,http://www.mta.info/nyct/subway/index.html,B-Q,40.58654788005143,-73.95405791182218,40.58654788005143 -73.95405791182218
POINT (-73.9558112232107 40.5993092845579),Ave U,http://www.mta.info/nyct/subway/index.html,B-Q,40.5993092845579,-73.9558112232107,40.5993092845579 -73.9558112232107
POINT (-73.95760873539083 40.608638978424565),Kings Hwy,http://www.mta.info/nyct/subway/index.html,B-Q,40.608638978424565,-73.95760873539083,40.608638978424565 -73.95760873539083
POINT (-73.97908400087046 40.59723633364408),Ave U,http://www.mta.info/nyct/subway/index.html,N,40.59723633364408,-73.97908400087046,40.59723633364408 -73.97908400087046
POINT (-73.98037300212555 40.60405933336751),Kings Hwy,http://www.mta.info/nyct/subway/index.html,N,40.60405933336751,-73.98037300212555,40.60405933336751 -73.98037300212555
POINT (-73.97459272802236 40.58073909152164),Neptune Ave,http://www.mta.info/nyct/subway/index.html,F,40.58073909152164,-73.97459272802236,40.58073909152164 -73.97459272802236
POINT (-73.97426599930228 40.589449999847005),Ave X,http://www.mta.info/nyct/subway/index.html,F,40.589449999847005,-73.97426599930228,40.589449999847005 -73.97426599930228
POINT (-73.98376500025735 40.588840999864985),Bay 50th St,http://www.mta.info/nyct/subway/index.html,D,40.588840999864985,-73.98376500025735,40.588840999864985 -73.98376500025735
POINT (-73.97818899976669 40.592465333902624),Gravesend - 86th St,http://www.mta.info/nyct/subway/index.html,N,40.592465333902624,-73.97818899976669,40.592465333902624 -73.97818899976669
POINT (-73.97300281528905 40.60884314257858),Ave P,http://www.mta.info/nyct/subway/index.html,F,40.60884314257858,-73.97300281528905,40.60884314257858 -73.97300281528905
POINT (-73.97404850907516 40.61435704529457),Ave N,http://www.mta.info/nyct/subway/index.html,F,40.61435704529457,-73.97404850907516,40.61435704529457 -73.97404850907516
POINT (-73.97525697755246 40.62073195620631),Bay Pky,http://www.mta.info/nyct/subway/index.html,F,40.62073195620631,-73.97525697755246,40.62073195620631 -73.97525697755246
POINT (-73.95924310477643 40.61739807818342),Ave M,http://www.mta.info/nyct/subway/index.html,B-Q,40.61739807818342,-73.95924310477643,40.61739807818342 -73.95924310477643
POINT (-73.98178001024034 40.61145612298434),Bay Pky,http://www.mta.info/nyct/subway/index.html,N,40.61145612298434,-73.98178001024034,40.61145612298434 -73.98178001024034
POINT (-73.97606933193563 40.625017773484714),Ave I,http://www.mta.info/nyct/subway/index.html,F,40.625017773484714,-73.97606933193563,40.625017773484714 -73.97606933193563
POINT (-73.96069316246778 40.625023152905705),Ave J,http://www.mta.info/nyct/subway/index.html,B-Q,40.625023152905705,-73.96069316246778,40.625023152905705 -73.96069316246778
POINT (-73.96151793874012 40.62920871052413),Ave H,http://www.mta.info/nyct/subway/index.html,B-Q,40.62920871052413,-73.96151793874012,40.62920871052413 -73.96151793874012
POINT (-73.95507827446252 40.59532202457638),Neck Rd,http://www.mta.info/nyct/subway/index.html,B-Q,40.59532202457638,-73.95507827446252,40.59532202457638 -73.95507827446252
POINT (-73.94193761381545 40.75373960398463),21st St - Queensbridge,http://www.mta.info/nyct/subway/index.html,F,40.75373960398463,-73.94193761381545,40.75373960398463 -73.94193761381545
POINT (-73.98598399999051 40.762456332634045),50th St,http://www.mta.info/nyct/subway/index.html,A-C-E,40.762456332634045,-73.98598399999051,40.762456332634045 -73.98598399999051
POINT (-73.98169782381285 40.76297048549053),7th Ave,http://www.mta.info/nyct/subway/index.html,B-D-E,40.76297048549053,-73.98169782381285,40.76297048549053 -73.98169782381285
POINT (-73.9813310021191 40.75864133466554),47th-50th Sts - Rockefeller Ctr,http://www.mta.info/nyct/subway/index.html,B-D-F-M,40.75864133466554,-73.9813310021191,40.75864133466554 -73.9813310021191
POINT (-73.97736800130777 40.76408533390238),57th St,http://www.mta.info/nyct/subway/index.html,F,40.76408533390238,-73.97736800130777,40.76408533390238 -73.97736800130777
POINT (-73.96608964340214 40.764618428150776),Lexington Ave - 63rd St,http://www.mta.info/nyct/subway/index.html,F,40.764618428150776,-73.96608964340214,40.764618428150776 -73.96608964340214
POINT (-73.95323500002728 40.75917233330991),Roosevelt Island - Main St,http://www.mta.info/nyct/subway/index.html,F,40.75917233330991,-73.95323500002728,40.75917233330991 -73.95323500002728
POINT (-73.98164872336676 40.768249864983254),59th St - Columbus Circle,http://www.mta.info/nyct/subway/index.html,A-B-C-D,40.768249864983254,-73.98164872336676,40.768249864983254 -73.98164872336676
POINT (-73.98420956580891 40.75980230703365),49th St,http://www.mta.info/nyct/subway/index.html,N-Q-R,40.75980230703365,-73.98420956580891,40.75980230703365 -73.98420956580891
POINT (-73.98072973313602 40.76456585850871),57th St,http://www.mta.info/nyct/subway/index.html,N-Q-R,40.76456585850871,-73.98072973313602,40.76456585850871 -73.98072973313602
POINT (-73.9733470001843 40.76481133275182),5th Ave - 59th St,http://www.mta.info/nyct/subway/index.html,N-Q-R,40.76481133275182,-73.9733470001843,40.76481133275182 -73.9733470001843
POINT (-73.9673750166445 40.762709188743855),Lexington Ave - 59th St,http://www.mta.info/nyct/subway/index.html,N-Q-R,40.762709188743855,-73.9673750166445,40.762709188743855 -73.9673750166445
POINT (-73.99105699933416 40.75037333357704),34th St - Penn Station,http://www.mta.info/nyct/subway/index.html,1-2-3,40.75037333357704,-73.99105699933416,40.75037333357704 -73.99105699933416
POINT (-73.98749500043364 40.75529033316711),Times Sq - 42nd St,http://www.mta.info/nyct/subway/index.html,1-2-3,40.75529033316711,-73.98749500043364,40.75529033316711 -73.98749500043364
POINT (-74.00762309342792 40.71016249872167),Broadway - Nassau St,http://www.mta.info/nyct/subway/index.html,A-C,40.71016249872167,-74.00762309342792,40.71016249872167 -74.00762309342792
POINT (-74.0085847360681 40.714111334148996),Chambers St,http://www.mta.info/nyct/subway/index.html,A-C,40.714111334148996,-74.0085847360681,40.714111334148996 -74.0085847360681
POINT (-73.98973500043815 40.75730833180808),42nd St - Port Authority Bus Term,http://www.mta.info/nyct/subway/index.html,A-C-E,40.75730833180808,-73.98973500043815,40.75730833180808 -73.98973500043815
POINT (-73.94906699828155 40.69461933256742),Myrtle-Willoughby Aves,http://www.mta.info/nyct/subway/index.html,G,40.69461933256742,-73.94906699828155,40.69461933256742 -73.94906699828155
POINT (-73.9502340005062 40.70037699951844),Flushing Ave,http://www.mta.info/nyct/subway/index.html,G,40.70037699951844,-73.9502340005062,40.70037699951844 -73.9502340005062
POINT (-73.99276500454658 40.74295465088764),23rd St,http://www.mta.info/nyct/subway/index.html,F-M,40.74295465088764,-73.99276500454658,40.74295465088764 -73.99276500454658
POINT (-73.98777189015544 40.74978973294837),Herald Sq - 34th St,http://www.mta.info/nyct/subway/index.html,B-D-F-M,40.74978973294837,-73.98777189015544,40.74978973294837 -73.98777189015544
POINT (-73.9850362399565 40.68840880947581),Hoyt - Schermerhorn Sts,http://www.mta.info/nyct/subway/index.html,A-C-G,40.68840880947581,-73.9850362399565,40.68840880947581 -73.9850362399565
POINT (-73.98721815311183 40.69247097044472),Jay St - Borough Hall,http://www.mta.info/nyct/subway/index.html,A-C-F,40.69247097044472,-73.98721815311183,40.69247097044472 -73.98721815311183
POINT (-73.99017700117365 40.71385533408638),East Broadway,http://www.mta.info/nyct/subway/index.html,F,40.71385533408638,-73.99017700117365,40.71385533408638 -73.99017700117365
POINT (-73.98807806837901 40.718681075658196),Delancey St,http://www.mta.info/nyct/subway/index.html,F,40.718681075658196,-73.98807806837901,40.718681075658196 -73.98807806837901
POINT (-73.98993799949149 40.7234019995008),Lower East Side - 2nd Ave,http://www.mta.info/nyct/subway/index.html,F,40.7234019995008,-73.98993799949149,40.7234019995008 -73.98993799949149
POINT (-73.94137734825632 40.70040473673457),Flushing Ave,http://www.mta.info/nyct/subway/index.html,J-M,40.70040473673457,-73.94137734825632,40.70040473673457 -73.94137734825632
POINT (-73.93562300040674 40.69719533361235),Myrtle Ave,http://www.mta.info/nyct/subway/index.html,J-M-Z,40.69719533361235,-73.93562300040674,40.69719533361235 -73.93562300040674
POINT (-73.98977899967635 40.67027200058139),4th Ave,http://www.mta.info/nyct/subway/index.html,F-G,40.67027200058139,-73.98977899967635,40.67027200058139 -73.98977899967635
POINT (-73.99589172757463 40.673641394609135),Smith - 9th Sts,http://www.mta.info/nyct/subway/index.html,F-G,40.673641394609135,-73.99589172757463,40.673641394609135 -73.99589172757463
POINT (-73.99075649550757 40.68611088098272),Bergen St,http://www.mta.info/nyct/subway/index.html,F-G,40.68611088098272,-73.99075649550757,40.68611088098272 -73.99075649550757
POINT (-73.98605667829878 40.69225572936931),Lawrence St,http://www.mta.info/nyct/subway/index.html,N-R,40.69225572936931,-73.98605667829878,40.69225572936931 -73.98605667829878
POINT (-73.99181830913483 40.694196814120716),Court St,http://www.mta.info/nyct/subway/index.html,N-R,40.694196814120716,-73.99181830913483,40.694196814120716 -73.99181830913483
POINT (-73.9905388616843 40.73587260060109),Union Sq - 14th St,http://www.mta.info/nyct/subway/index.html,N-Q-R,40.73587260060109,-73.9905388616843,40.73587260060109 -73.9905388616843
POINT (-73.98934400045437 40.74130300016866),23rd St,http://www.mta.info/nyct/subway/index.html,N-R,40.74130300016866,-73.98934400045437,40.74130300016866 -73.98934400045437
POINT (-73.99287200058961 40.665414000093335),Prospect Ave,http://www.mta.info/nyct/subway/index.html,D-N-R,40.665414000093335,-73.99287200058961,40.665414000093335 -73.99287200058961
POINT (-73.988301999704 40.67084700022307),9th St,http://www.mta.info/nyct/subway/index.html,D-N-R,40.67084700022307,-73.988301999704,40.67084700022307 -73.988301999704
POINT (-73.98575000098694 40.73269133261918),3rd Ave,http://www.mta.info/nyct/subway/index.html,L,40.73269133261918,-73.98575000098694,40.73269133261918 -73.98575000098694
POINT (-73.99066976943084 40.73476364552659),Union Sq - 14th St,http://www.mta.info/nyct/subway/index.html,L,40.73476364552659,-73.99066976943084,40.73476364552659 -73.99066976943084
POINT (-73.89654800075247 40.67454233286892),Liberty Ave,http://www.mta.info/nyct/subway/index.html,A-C,40.67454233286892,-73.89654800075247,40.67454233286892 -73.89654800075247
POINT (-73.90531600029104 40.67833399982758),Broadway Junction,http://www.mta.info/nyct/subway/index.html,A-C,40.67833399982758,-73.90531600029104,40.67833399982758 -73.90531600029104
POINT (-74.01788099968473 40.64136199944241),59th St,http://www.mta.info/nyct/subway/index.html,N-R,40.64136199944241,-74.01788099968473,40.64136199944241 -74.01788099968473
POINT (-74.01000600035954 40.648938999878794),45th St,http://www.mta.info/nyct/subway/index.html,N-R,40.648938999878794,-74.01000600035954,40.648938999878794 -74.01000600035954
POINT (-74.00354899956925 40.655143999751665),36th St,http://www.mta.info/nyct/subway/index.html,D-N-R,40.655143999751665,-74.00354899956925,40.655143999751665 -74.00354899956925
POINT (-73.99444874408546 40.64648441084645),9th Ave,http://www.mta.info/nyct/subway/index.html,D,40.64648441084645,-73.99444874408546,40.64648441084645 -73.99444874408546
POINT (-74.01403400049048 40.645069000509004),53rd St,http://www.mta.info/nyct/subway/index.html,N-R,40.645069000509004,-74.01403400049048,40.645069000509004 -74.01403400049048
POINT (-73.99420223752828 40.64091304459246),Ft Hamilton Pkwy,http://www.mta.info/nyct/subway/index.html,D,40.64091304459246,-73.99420223752828,40.64091304459246 -73.99420223752828
POINT (-73.99809099983285 40.66039700032125),25th St,http://www.mta.info/nyct/subway/index.html,D-N-R,40.66039700032125,-73.99809099983285,40.66039700032125 -73.99809099983285
POINT (-73.99494697982026 40.68027368469693),Carroll St,http://www.mta.info/nyct/subway/index.html,F-G,40.68027368469693,-73.99494697982026,40.68027368469693 -73.99494697982026
POINT (-74.00373899872902 40.7262273349522),Spring St,http://www.mta.info/nyct/subway/index.html,A-C-E,40.7262273349522,-74.00373899872902,40.7262273349522 -74.00373899872902
POINT (-73.93796900163554 40.85169533266245),181st St,http://www.mta.info/nyct/subway/index.html,A,40.85169533266245,-73.93796900163554,40.85169533266245 -73.93796900163554
POINT (-73.93417999937553 40.859022332220405),190th St,http://www.mta.info/nyct/subway/index.html,A,40.859022332220405,-73.93417999937553,40.859022332220405 -73.93417999937553
POINT (-73.95479778092779 40.805058467107635),116th St,http://www.mta.info/nyct/subway/index.html,A-B-C,40.805058467107635,-73.95479778092779,40.805058467107635 -73.95479778092779
POINT (-73.95224799754361 40.81107200632826),125th St,http://www.mta.info/nyct/subway/index.html,A-B-C-D,40.81107200632826,-73.95224799754361,40.81107200632826 -73.95224799754361
POINT (-73.99770200007194 40.72432899922576),Prince St,http://www.mta.info/nyct/subway/index.html,N-R,40.72432899922576,-73.99770200007194,40.72432899922576 -73.99770200007194
POINT (-73.9925079989093 40.730465331990395),8th St - NYU,http://www.mta.info/nyct/subway/index.html,N-R,40.730465331990395,-73.9925079989093,40.730465331990395 -73.9925079989093
POINT (-74.00657100024912 40.70941633229353),Fulton St,http://www.mta.info/nyct/subway/index.html,2-3,40.70941633229353,-74.00657100024912,40.70941633229353 -74.00657100024912
POINT (-74.00881099987163 40.713051332200514),Park Pl,http://www.mta.info/nyct/subway/index.html,2-3,40.713051332200514,-74.00881099987163,40.713051332200514 -74.00881099987163
POINT (-74.00926600172447 40.71547833317367),Chambers St,http://www.mta.info/nyct/subway/index.html,1-2-3,40.71547833317367,-74.00926600172447,40.71547833317367 -74.00926600172447
POINT (-73.98506379611653 40.69054451845209),Hoyt St,http://www.mta.info/nyct/subway/index.html,2-3,40.69054451845209,-73.98506379611653,40.69054451845209 -73.98506379611653
POINT (-73.98999799906535 40.69321933265995),Borough Hall,http://www.mta.info/nyct/subway/index.html,2-3,40.69321933265995,-73.98999799906535,40.69321933265995 -73.98999799906535
POINT (-73.9038790007054 40.85840733349188),183rd St,http://www.mta.info/nyct/subway/index.html,4,40.85840733349188,-73.9038790007054,40.85840733349188 -73.9038790007054
POINT (-73.90103399833198 40.86280333320703),Fordham Rd,http://www.mta.info/nyct/subway/index.html,4,40.86280333320703,-73.90103399833198,40.86280333320703 -73.90103399833198
POINT (-74.00974461478488 40.71256426010712),World Trade Center,http://www.mta.info/nyct/subway/index.html,E,40.71256426010712,-74.00974461478488,40.71256426010712 -74.00974461478488
POINT (-74.00522900191194 40.72082433307871),Canal St - Holland Tunnel,http://www.mta.info/nyct/subway/index.html,A-C-E,40.72082433307871,-74.00522900191194,40.72082433307871 -74.00522900191194
POINT (-73.94151400028585 40.83051833300836),155th St,http://www.mta.info/nyct/subway/index.html,A-C,40.83051833300836,-73.94151400028585,40.83051833300836 -73.94151400028585
POINT (-73.93989200159317 40.836013332605724),163rd St - Amsterdam Av,http://www.mta.info/nyct/subway/index.html,A-C,40.836013332605724,-73.93989200159317,40.836013332605724 -73.93989200159317
POINT (-74.0079380008774 40.71002299961088),Fulton St,http://www.mta.info/nyct/subway/index.html,J-Z,40.71002299961088,-74.0079380008774,40.71002299961088 -74.0079380008774
POINT (-74.00340673089009 40.7132341227328),Chambers St,http://www.mta.info/nyct/subway/index.html,J-Z,40.7132341227328,-74.00340673089009,40.7132341227328 -74.00340673089009
POINT (-73.99982638555147 40.71817420996139),Canal St,http://www.mta.info/nyct/subway/index.html,J-Z,40.71817420996139,-73.99982638555147,40.71817420996139 -73.99982638555147
POINT (-74.00698581794778 40.713272664531246),City Hall,http://www.mta.info/nyct/subway/index.html,N-R,40.713272664531246,-74.00698581794778,40.713272664531246 -74.00698581794778
POINT (-74.00182599973189 40.71946533477728),Canal St,http://www.mta.info/nyct/subway/index.html,N-R,40.71946533477728,-74.00182599973189,40.71946533477728 -74.00182599973189
POINT (-74.01316895983936 40.70173084095291),South Ferry,http://www.mta.info/nyct/subway/index.html,1,40.70173084095291,-74.01316895983936,40.70173084095291 -74.01316895983936
POINT (-74.01400799848199 40.70491433249645),Bowling Green,http://www.mta.info/nyct/subway/index.html,4-5,40.70491433249645,-74.01400799848199,40.70491433249645 -74.01400799848199
POINT (-74.01186199920538 40.707557334362484),Wall St,http://www.mta.info/nyct/subway/index.html,4-5,40.707557334362484,-74.01186199920538,40.707557334362484 -74.01186199920538
POINT (-74.01300723736433 40.70314270735986),Whitehall St,http://www.mta.info/nyct/subway/index.html,N-R,40.70314270735986,-74.01300723736433,40.70314270735986 -74.01300723736433
POINT (-74.01297456237413 40.70774508995048),Rector St,http://www.mta.info/nyct/subway/index.html,N-R,40.70774508995048,-74.01297456237413,40.70774508995048 -74.01297456237413
POINT (-73.89589800086416 40.70622633198259),Fresh Pond Rd,http://www.mta.info/nyct/subway/index.html,M,40.70622633198259,-73.89589800086416,40.70622633198259 -73.89589800086416
POINT (-73.88957722978766 40.71143163827924),Middle Village - Metropolitan Ave,http://www.mta.info/nyct/subway/index.html,M,40.71143163827924,-73.88957722978766,40.71143163827924 -73.88957722978766
POINT (-74.01378300080631 40.70751333304196),Rector St,http://www.mta.info/nyct/subway/index.html,1,40.70751333304196,-74.01378300080631,40.70751333304196 -74.01378300080631
POINT (-74.01218800069755 40.71183533452517),Cortlandt St (Temporarily Closed),http://www.mta.info/nyct/subway/index.html,1,40.71183533452517,-74.01218800069755,40.71183533452517 -74.01218800069755
POINT (-74.0095089987439 40.71036833193085),Fulton St,http://www.mta.info/nyct/subway/index.html,4-5,40.71036833193085,-74.0095089987439,40.71036833193085 -74.0095089987439
POINT (-74.01105600048923 40.70647633411761),Broad St,http://www.mta.info/nyct/subway/index.html,J-Z,40.70647633411761,-74.01105600048923,40.70647633411761 -74.01105600048923
POINT (-74.0111319648397 40.710513317670305),Cortlandt St (NB only),http://www.mta.info/nyct/subway/index.html,N-R,40.710513317670305,-74.0111319648397,40.710513317670305 -74.0111319648397
POINT (-74.00909999899459 40.70682133279038),Wall St,http://www.mta.info/nyct/subway/index.html,2-3,40.70682133279038,-74.00909999899459,40.70682133279038 -74.00909999899459
POINT (-73.92727099913175 40.86549133254293),Dyckman St,http://www.mta.info/nyct/subway/index.html,A,40.86549133254293,-73.92727099913175,40.86549133254293 -73.92727099913175
POINT (-73.99375299925896 40.71826733292375),Grand St,http://www.mta.info/nyct/subway/index.html,B-D,40.71826733292375,-73.99375299925896,40.71826733292375 -73.99375299925896
POINT (-73.99620399840286 40.725297332299235),Broadway - Lafayette St,http://www.mta.info/nyct/subway/index.html,B-D-F-M,40.725297332299235,-73.99620399840286,40.725297332299235 -73.99620399840286
POINT (-73.99380690672811 40.72024721673806),Bowery,http://www.mta.info/nyct/subway/index.html,J-Z,40.72024721673806,-73.99380690672811,40.72024721673806 -73.99380690672811
POINT (-74.00105471253056 40.71881459682263),Canal St,http://www.mta.info/nyct/subway/index.html,N-Q,40.71881459682263,-74.00105471253056,40.71881459682263 -74.00105471253056
POINT (-73.99804100061175 40.745906332964005),23rd St,http://www.mta.info/nyct/subway/index.html,A-C-E,40.745906332964005,-73.99804100061175,40.745906332964005 -73.99804100061175
POINT (-73.99339099930413 40.752287334131175),34th St - Penn Station,http://www.mta.info/nyct/subway/index.html,A-C-E,40.752287334131175,-73.99339099930413,40.752287334131175 -73.99339099930413
POINT (-73.89129866498959 40.74654002448512),Jackson Hts - Roosevelt Av,http://www.mta.info/nyct/subway/index.html,E-F-M-R,40.74654002448512,-73.89129866498959,40.74654002448512 -73.89129866498959
POINT (-74.00020100059422 40.737826333308426),14th St,http://www.mta.info/nyct/subway/index.html,1-2-3,40.737826333308426,-74.00020100059422,40.737826333308426 -74.00020100059422
POINT (-73.94753480832401 40.817905892108634),135th St,http://www.mta.info/nyct/subway/index.html,A-B-C,40.817905892108634,-73.94753480832401,40.817905892108634 -73.94753480832401
POINT (-73.99620899891177 40.73822833288366),14th St,http://www.mta.info/nyct/subway/index.html,F-M,40.73822833288366,-73.99620899891177,40.73822833288366 -73.99620899891177
POINT (-73.99775078872293 40.737741803112115),6th Ave,http://www.mta.info/nyct/subway/index.html,L,40.737741803112115,-73.99775078872293,40.737741803112115 -73.99775078872293
POINT (-74.0025780004777 40.73977700012131),8th Ave,http://www.mta.info/nyct/subway/index.html,L,40.73977700012131,-74.0025780004777,40.73977700012131 -74.0025780004777
POINT (-74.00168999943754 40.74089333363853),14th St,http://www.mta.info/nyct/subway/index.html,A-C-E,40.74089333363853,-74.00168999943754,40.74089333363853 -74.00168999943754
POINT (-73.95042624893824 40.66993848398767),Nostrand Ave,http://www.mta.info/nyct/subway/index.html,3-4,40.66993848398767,-73.95042624893824,40.66993848398767 -73.95042624893824
POINT (-73.99308599832662 40.69746633298482),Clark St,http://www.mta.info/nyct/subway/index.html,2-3,40.69746633298482,-73.99308599832662,40.69746633298482 -73.99308599832662
POINT (-73.95684799980513 40.6813799997593),Franklin Ave,http://www.mta.info/nyct/subway/index.html,A-C,40.6813799997593,-73.95684799980513,40.6813799997593 -73.95684799980513
POINT (-73.96583799868554 40.683263332875605),Clinton - Washington Aves,http://www.mta.info/nyct/subway/index.html,A-C,40.683263332875605,-73.96583799868554,40.683263332875605 -73.96583799868554
POINT (-73.90307499994645 40.70441233402832),Forest Ave,http://www.mta.info/nyct/subway/index.html,M,40.70441233402832,-73.90307499994645,40.70441233402832 -73.90307499994645
POINT (-73.94424999696717 40.79502033352402),110th St,http://www.mta.info/nyct/subway/index.html,4-6-6 Express,40.79502033352402,-73.94424999696717,40.79502033352402 -73.94424999696717
POINT (-73.95558899978455 40.77949233177087),86th St,http://www.mta.info/nyct/subway/index.html,4-5-6-6 Express,40.77949233177087,-73.95558899978455,40.77949233177087 -73.95558899978455
POINT (-73.98688499982453 40.69974300092185),York St,http://www.mta.info/nyct/subway/index.html,F,40.69974300092185,-73.98688499982453,40.69974300092185 -73.98688499982453
POINT (-73.99053100095567 40.69933733273785),High St,http://www.mta.info/nyct/subway/index.html,A-C,40.69933733273785,-73.99053100095567,40.69933733273785 -73.99053100095567
POINT (-73.97394599824162 40.686113333301115),Lafayette Ave,http://www.mta.info/nyct/subway/index.html,A-C,40.686113333301115,-73.97394599824162,40.686113333301115 -73.97394599824162
POINT (-73.95058920055888 40.667883936572196),President St,http://www.mta.info/nyct/subway/index.html,2-5,40.667883936572196,-73.95058920055888,40.667883936572196 -73.95058920055888
POINT (-73.87875099890881 40.88603733314497),Woodlawn,http://www.mta.info/nyct/subway/index.html,4,40.88603733314497,-73.87875099890881,40.88603733314497 -73.87875099890881
POINT (-73.99465900013325 40.72591499972982),Bleecker St (Uptown),http://www.mta.info/nyct/subway/index.html,4-6-6 Express,40.72591499972982,-73.99465900013325,40.72591499972982 -73.99465900013325
POINT (-73.94747800151542 40.790600332975615),103rd St,http://www.mta.info/nyct/subway/index.html,4-6-6 Express,40.790600332975615,-73.94747800151542,40.790600332975615 -73.94747800151542
POINT (-73.87210599994208 40.67537733193324),Euclid Ave,http://www.mta.info/nyct/subway/index.html,A-C-S,40.67537733193324,-73.87210599994208,40.67537733193324 -73.87210599994208
POINT (-73.8514699989356 40.67984333439131),88th St,http://www.mta.info/nyct/subway/index.html,A-S,40.67984333439131,-73.8514699989356,40.67984333439131 -73.8514699989356
POINT (-73.96379005494865 40.640940498719964),Cortelyou Rd,http://www.mta.info/nyct/subway/index.html,B-Q,40.640940498719964,-73.96379005494865,40.640940498719964 -73.96379005494865
POINT (-73.9416169982848 40.79862933384588),116th St,http://www.mta.info/nyct/subway/index.html,4-6-6 Express,40.79862933384588,-73.9416169982848,40.79862933384588 -73.9416169982848
POINT (-73.86081599995809 40.83322633218034),Parkchester,http://www.mta.info/nyct/subway/index.html,6-6 Express,40.83322633218034,-73.86081599995809,40.83322633218034 -73.86081599995809
POINT (-74.00688600226555 40.71931833420651),Franklin St,http://www.mta.info/nyct/subway/index.html,1-2,40.71931833420651,-74.00688600226555,40.71931833420651 -74.00688600226555
POINT (-73.85899200121291 40.679371334570604),80th St,http://www.mta.info/nyct/subway/index.html,A-S,40.679371334570604,-73.85899200121291,40.679371334570604 -73.85899200121291
POINT (-73.98196299871373 40.75382133359373),5th Ave - Bryant Pk,http://www.mta.info/nyct/subway/index.html,7-7 Express,40.75382133359373,-73.98196299871373,40.75382133359373 -73.98196299871373
POINT (-73.99714099950617 40.72230133331719),Spring St,http://www.mta.info/nyct/subway/index.html,4-6-6 Express,40.72230133331719,-73.99714099950617,40.72230133331719 -73.99714099950617
POINT (-73.93759400019064 40.804138334029325),125th St,http://www.mta.info/nyct/subway/index.html,4-5-6-6 Express,40.804138334029325,-73.93759400019064,40.804138334029325 -73.93759400019064
POINT (-73.98123599855974 40.57728133344397),Coney Island - Stillwell Av,http://www.mta.info/nyct/subway/index.html,D-F-N-Q,40.57728133344397,-73.98123599855974,40.57728133344397 -73.98123599855974
